name,label
Odelia,0
Marian,0
Grove,0
Beverly,2
Raul,2
Rosetta,0
Loula,0
Davion,2
Mathews,0
Lincoln,2
Pratt,1
Carol,0
Rosy,0
Damaris,0
Braeden,2
Icey,0
Roland,1
Latifah,2
Trever,1
Eben,2
Qiana,0
Ned,2
Bailey,0
Wava,0
Margarito,0
Delphia,2
Savilla,0
Laurette,2
Hobson,2
Gil,0
Adilene,0
Libby,2
Arkie,0
Madilyn,0
Peter,2
Douglas,0
Octa,0
Hadley,2
Freeda,2
Austin,0
Agness,0
Ibrahim,2
Trayvon,2
Pete,2
Kahlil,2
Jo,2
Ermina,0
Marcus,0
Haywood,0
Bedford,1
Felisha,0
Unique,0
Dustan,2
Denton,1
Elick,0
Gina,0
Peggy,0
Winifred,2
Abb,2
Nathanial,2
Major,0
Stephanie,2
Mose,0
Jevon,2
Luis,0
Kristine,0
Brianne,2
Percival,0
Tianna,2
Nakisha,0
Willaim,0
Mannie,0
Moesha,0
Houston,0
Trinidad,2
Adrienne,2
Sanaa,0
Orelia,0
Lauri,0
Lewis,0
Hope,0
Hollis,0
Earl,2
Franc,2
Buck,0
Everett,2
Edison,0
Marcy,0
Tilman,2
Vivienne,2
Hillery,2
Kerry,0
Shedrick,2
Kolten,2
Guido,0
Berdie,2
Juliet,2
Lucy,0
Alvira,2
Haleigh,0
Shasta,0
Goldie,0
Anjanette,2
Tim,0
Johana,2
Haven,2
Loring,2
Elam,0
Kacy,0
Shayne,0
Teresa,0
Gertha,2
Jeremy,0
Kaitlynn,2
Ronna,2
Corda,0
Nereida,0
Tinie,0
Stacy,0
Humberto,2
Valentin,2
True,2
Sean,0
Sol,0
Edward,2
Elias,0
Fitzhugh,1
Armani,0
Denver,1
Loretto,2
Kori,0
Carson,0
Bradford,1
Emil,0
Daniella,2
Raegan,0
Vidal,2
Chantelle,2
Jennings,1
Casper,0
Besse,0
Jemal,0
Blanca,2
Alfredo,2
Jamie,0
Shante,2
Collette,2
Ricky,0
Rachael,0
Caesar,0
Permelia,0
Isa,0
Renada,2
Alysha,0
Linn,1
Judie,0
Averie,0
Deonta,2
Chaya,0
Sylvester,0
Lizzie,2
Iver,2
Hjalmar,0
Selena,0
Belton,1
Ilona,0
Karlene,0
Antwan,2
Mylie,0
Keyon,0
Kristen,0
Eleonora,0
Noretta,2
Luster,2
Denis,0
Chrissie,0
Kaylyn,0
Torrance,2
Crete,0
Darcy,0
Margaretha,0
Jeana,0
Rollie,2
Deliah,2
Prudence,2
Carey,0
Baron,2
Hurbert,1
Phebe,2
Maribeth,0
Valeria,0
Avery,0
Sharde,2
Latesha,0
Shelton,2
Tonya,0
Rudy,2
Lemon,0
Suzann,2
Gracie,0
Georgetta,0
Skylar,0
Tess,0
Worth,2
Daryn,2
Nada,2
Miller,2
Harvey,2
Reba,2
Jonathon,1
Susie,0
Jailyn,2
Xzavier,2
Rahn,1
Brittnie,2
Rhoda,2
Messiah,0
Todd,1
Felicia,0
Arlena,2
Malissie,0
Evaline,0
Ransom,0
Cristin,0
Cheryll,1
Jaye,0
Wanita,0
Kendrick,2
Hershel,2
Izora,0
Maliyah,0
Vessie,0
Mason,0
James,0
Leah,2
Velma,0
Jefferey,2
Marylyn,0
Sariah,0
Tari,2
Karol,0
Berneice,2
Leonidas,0
Yasmine,0
Goldia,0
Kermit,0
Skyla,0
Harlan,1
Merritt,2
Jaylee,0
Glendora,2
Lorri,2
Alverta,2
Braden,1
Aretha,2
Leopoldo,2
Larkin,2
Alena,0
Authur,2
Raymon,0
Benjamine,0
Kiley,0
Mena,0
Woodson,0
Babette,2
Waldemar,0
Ernestine,0
Booker,0
Angie,0
Boyce,0
Tamiko,0
Aggie,0
Phil,1
Walter,2
Felipa,2
Roddy,2
Karlee,0
Maia,0
Sister,0
Davante,2
Orra,2
Rush,2
Cherise,0
Wilson,0
Sara,0
Loretta,2
Yael,0
Elisa,0
Willard,2
Tessa,0
Chiquita,0
Quinten,2
Ryne,2
Roslyn,2
Ivey,0
Cyndi,0
Elmire,0
Eddie,0
Etta,2
Neha,2
Salome,0
Ward,2
Ebbie,0
Winter,2
Kiera,0
Eileen,0
Jessica,0
Olar,2
Theodore,2
Collier,0
Eda,0
Hughey,0
Robbie,2
Jeff,1
Blanchard,1
Campbell,0
Mayo,0
Marianita,0
Lyndsey,0
Zana,2
Vicy,0
Lahoma,0
Burgess,0
Mitzi,0
Casie,0
Altha,2
Ceola,0
Adaline,0
Al,2
Jabbar,1
Ervin,2
Gorden,2
Dawna,0
Audrina,0
Tressa,0
Christop,2
Elia,0
Khalilah,2
Kristie,0
Ruth,1
Brielle,2
Jermaine,0
Ramsey,0
Alberto,2
Budd,1
Vlasta,2
Toriano,0
Bernardine,1
Heaven,2
Rennie,2
Edw,0
Elenora,0
Kalene,0
Loran,2
Yamilex,0
Odile,0
Rillie,2
Frieda,2
Charissa,0
Kimberley,0
Kiarra,0
Contina,0
Jade,2
Unnamed,0
Aurthur,2
Khiry,0
Mykel,0
Danyelle,2
Yetta,0
Jaleesa,0
Santo,0
Arlene,2
Blane,2
Vanessa,0
Octavie,0
Celine,0
Ansley,0
Blaise,0
Keenen,0
Ole,2
Essie,0
Codi,0
Else,0
Athena,2
Mahala,0
Wilhelm,2
Augustus,0
Cordell,2
Jan,2
Winnie,0
Shawnee,0
Colonel,0
Ruthanne,1
Delwin,2
Gianni,0
Antionette,2
Chandler,1
Elonzo,2
Estill,2
Nan,2
Jess,0
Aldona,2
Angel,0
Collin,2
Linus,0
Manuelita,0
Scot,0
Rayna,0
Elmina,0
Olivine,0
Jillian,2
Ena,0
Rena,2
Enid,2
Gifford,2
Yoshio,0
Honora,2
Ignatius,2
Tyrek,0
Carlyn,2
Sierra,0
Erastus,0
Cara,0
Alison,0
Nova,2
Grace,0
Lesia,0
Colter,2
Tania,0
Maud,0
Fernanda,1
Viva,2
Nat,2
Camisha,0
Hali,2
Danny,2
Tonja,2
Kinley,0
Glen,2
Daisye,0
Mirtie,0
Mia,0
Madlyn,2
Eloise,0
Fremont,2
Jahir,2
Earnest,0
Kobe,0
Isaias,0
Jerrell,1
Kelcie,0
Malia,0
Chin,2
Velva,2
Pinkney,0
Fayette,0
Rilla,2
Minerva,0
Reino,0
Forrest,2
Mustafa,0
Corinne,0
Cornelious,0
Chimere,0
Iesha,0
Claire,0
Jon,2
Kason,0
Sienna,0
Taina,0
Dorene,2
Nichole,0
West,0
Leandro,2
Ethen,2
Arietta,0
Chadd,2
Elinore,0
Winton,2
Dwaine,0
Alyvia,0
Daisey,0
Alexandra,2
Danial,2
April,2
Floy,2
Matie,0
Saul,0
Joline,2
Chaka,0
Katharina,0
Elaine,0
Bryn,1
Kaylen,0
Graciela,0
Sharman,0
Ardis,0
Theadore,2
Harrie,2
Demonte,0
Estel,0
Evert,2
Antwain,0
Maebelle,0
Brent,1
Annamae,0
Cathie,0
Sullivan,0
Regis,0
Zaid,2
Bliss,0
Millard,2
Isidor,0
Sherrie,0
Ashlee,0
Marlyn,2
Darrien,2
Mervin,2
Haruko,0
Jamey,0
Claiborne,0
Dominic,0
Grady,0
Theron,1
Ozzie,0
Antione,0
Dylon,2
Esta,0
Rosabelle,0
Kailey,0
Evia,0
Nannette,1
Lesley,0
Emmitt,0
Mary,0
Makenzie,0
Lynda,2
Nathan,1
Rosalinda,0
Hardin,1
Janessa,0
Murray,0
Stanislaus,0
Adrain,2
Erwin,0
Eleonore,0
Ladarius,2
Emiliano,0
Katina,0
Shade,0
Afton,2
Severt,2
Concepcion,0
Devontae,2
Manuela,0
Tab,2
Rayne,0
Mcarthur,2
Larue,0
Deloris,0
Willene,0
Augusta,0
Izaiah,0
Leroy,0
Beyonce,0
Elijah,2
Samson,0
Doss,0
Deon,2
Gaston,0
Leaner,2
Joye,0
Fae,2
Eino,0
Davis,0
Wilfred,2
Tripp,1
Retta,2
Tosha,0
Jairo,0
Celia,0
Kadeem,0
Lissie,0
Clifford,1
Danielle,2
Mckinley,0
Tyreese,0
Alessandro,0
Claudie,0
Jamin,0
Daniel,2
Darius,0
Huy,0
Anibal,2
Gigi,0
Zaiden,2
Kamila,0
Bina,2
Mariah,0
Sanjuana,0
Marshal,0
Heber,2
Alecia,0
Offie,0
Benita,2
Camden,0
Trisha,2
Margarett,0
Kimberely,0
Darell,1
Otho,2
Eulalia,0
Ananias,0
Geoffrey,2
Ressie,0
Koda,0
Keyshawn,0
Dottie,2
Serenity,0
Hall,1
Bobbye,2
Trystan,2
Gray,0
January,0
Elisha,0
Abner,2
Urban,2
Tarsha,2
Kamora,0
Durward,2
Greta,0
Benard,1
Shirleen,0
Harden,1
Jamel,0
Braulio,0
Dayse,0
Michaela,0
Jax,2
Allean,2
Dina,2
Lynn,1
Kelli,0
Lum,0
Jim,0
Channing,2
Gretchen,2
Edris,0
Link,2
Jonna,2
Nayeli,0
Glynda,2
Gunner,2
Odis,0
Eliza,0
Kevan,0
Devonte,2
Brenna,1
Eliga,0
Susanna,0
Neola,0
Hartwell,1
Niki,0
Arrie,0
Gerrit,2
Quentin,2
Kaleena,0
Harold,1
Marsha,0
Paloma,0
Tanya,0
Pedro,2
Lonnie,2
Princess,0
Arely,0
Alto,2
Gustav,0
Porfirio,2
Ricardo,0
Ever,2
Jamar,0
Michial,0
Jerome,0
Everette,2
Shelley,0
Chadwick,0
Donell,1
Lynwood,0
Huey,0
Nellie,2
Sherwin,2
Irine,0
Orah,2
Phylis,2
Rhiannon,1
Corrie,0
Delmer,2
Dayton,2
Justin,2
Malvin,2
Otis,0
Cass,0
Tayla,0
Ciera,0
Ivan,2
Garnett,2
Krystle,0
Clytie,0
Franklyn,1
Aryanna,0
Isla,0
Celina,0
Michelina,0
Alba,2
Marlena,0
Willie,0
Lamar,0
Ignatz,2
Galen,0
Murry,0
Dahlia,2
Zoie,0
Emilio,0
Francisco,0
Page,0
Mara,0
Sophia,0
Moira,0
Romeo,0
Mohamed,0
Hilda,2
Deanne,2
Codey,0
Brooke,0
Karter,2
Gasper,0
Harry,2
Sophronia,0
Francies,0
Ottie,0
Emile,0
Victoriano,0
Rita,2
Benjamen,2
Sharonda,2
Sina,0
Anaya,0
Carmelita,0
Armstead,0
Add,2
Moriah,0
Doll,1
Kathey,0
Claus,0
Fern,1
Deacon,0
Germaine,0
Julisa,0
Kenzie,0
Cam,0
Olympia,0
Tori,2
Odin,2
Stella,2
Latonya,0
Shaniece,0
Natalee,0
Sonny,0
Makena,0
Judi,2
Paulo,0
Fitzgerald,2
Izayah,0
Ham,0
Maralyn,0
Betsy,0
Jarvis,2
Flor,1
Sam,0
Helmer,2
Dennis,2
Becky,0
Lilyana,0
Ella,2
Kathyrn,2
Arlo,2
Annamarie,0
Alonzo,2
Noble,2
Berta,2
Mickey,0
Kaylene,0
Philomene,2
Jennifer,2
Junious,0
Westley,0
Tawnya,0
Indiana,0
Bettye,2
Junie,0
Holden,1
Adelia,0
Flem,2
Adrianne,2
Lockie,0
Gennie,0
Talmadge,2
Pearlie,0
Georgette,0
Toy,0
Ezra,2
Raquan,0
Cristopher,0
Darrius,0
Abbigail,0
Chynna,2
Gilda,0
Alvia,0
Elvina,2
Polly,2
Phillis,2
Nikki,0
Emmett,0
Aimee,0
Otelia,0
Etha,2
Davonte,2
Ama,0
Doc,0
Roe,0
Alivia,0
Keifer,0
Geraldo,0
Leia,0
Coral,0
Margret,0
Trina,2
Dove,2
Tisa,0
Villa,2
Faron,2
Sheron,2
Rigoberto,0
Curtis,0
Laisha,0
Dolphus,2
Gillie,0
Kathrine,2
Kennedi,0
Kylah,0
Bowman,0
Evonne,2
Delmus,0
Shaneka,0
Ilda,2
Eusebio,0
Sumner,0
Susannah,0
Robert,1
Roselyn,0
Sal,0
Cain,0
Samara,0
Eustace,0
Maritza,0
Whitney,0
Edrie,0
Tiny,2
Rakeem,0
Georgiann,0
Latonia,0
Ocie,0
Emilia,0
Silvia,0
Hanson,2
Elzy,2
Kelby,0
Myrl,0
Loraine,0
Ester,0
Rubin,2
Jannie,2
Tex,2
Charlie,0
Ethelene,2
Jalen,2
Gideon,0
Elbert,1
Windy,0
Brandi,1
Elmira,0
Buell,2
Arminda,0
Kennith,2
Adison,0
Jerilyn,2
Sheridan,2
Heriberto,2
Celeste,0
Lovisa,0
Remington,0
Earle,0
Nobie,0
Erling,2
Ulysses,0
Kem,0
Adelbert,2
Waverly,0
Jackson,0
Stanley,0
Arlen,2
Macie,0
Brady,2
Pleasant,2
Leva,2
Saverio,0
Tempie,0
Brandee,2
Coy,0
Vonetta,2
Burley,2
Marybelle,0
Daisy,0
Deonte,2
Tyreek,0
Vennie,2
Delmar,2
Filomena,0
Luke,0
Elizebeth,0
Bernhard,1
Montie,0
Carin,0
Franco,2
Alver,2
Regena,0
Tracy,0
Shaylee,0
Burrell,1
Geneva,0
Darci,0
Zetta,2
Harlen,1
Tollie,2
Vander,1
Brooklyn,2
Raquel,2
Nicki,0
Josh,2
Evelena,0
Virgel,2
Margarete,0
Lotta,2
Jazlyn,1
Rashaad,0
Agustus,0
Latricia,0
Doyle,0
Alphonse,2
Amado,0
Talen,2
Theodocia,0
Kirby,0
Lilla,2
Elouise,0
Doretha,2
Chaz,2
Domenick,0
Manerva,0
Moshe,0
Hubert,1
Salvatore,0
Sarah,0
Omarion,0
Stonewall,0
Philip,2
Vickey,0
Admiral,0
Clementine,0
Shanna,2
Tyrel,2
Terrance,2
Consuela,0
Ivonne,2
Deane,0
Eldridge,1
Kip,0
Aliza,0
Griffin,2
Addisyn,0
Sunday,0
Lia,0
Kayli,0
Ariane,0
Lyda,2
Charlene,2
Fritz,1
Kris,0
Logan,0
Caleb,0
Fleta,2
Venus,0
Naima,0
Dwyane,0
Araminta,0
Marlo,0
Turner,1
Vicie,0
Mikel,0
Nathalia,2
Hung,2
Meaghan,0
Lizbeth,1
Velda,2
Salina,0
Roxy,0
Jordin,1
Ala,0
Joette,2
Jules,0
Emmer,0
Simon,0
Mariano,0
Carolynn,2
Samir,0
Lige,0
Clemie,0
Amin,0
Wilkie,0
Donavan,2
Jereme,0
Chesley,0
Margo,0
Leatrice,2
Lim,0
Teri,2
Josie,0
Yoel,0
Tuan,2
Tracie,0
Ardith,1
Rock,0
Pauletta,2
Britni,1
Elfrieda,2
Bryton,1
Lyndon,1
Kenji,0
Tiney,0
Pricilla,2
Brantley,1
Richelle,2
Gilman,0
Ryder,2
Morgan,0
Krysta,0
Metro,0
Lemma,0
Kane,0
Zachery,0
Clair,0
Roxann,1
Santana,0
Hubbard,1
Myla,0
Ardyce,0
Zenobia,0
Arlyn,2
Buddy,2
Terrence,2
Roosevelt,0
Bea,0
Orlando,2
Mitchel,0
Elzie,0
Nicky,0
China,0
Scott,0
Alyssia,0
Angelita,0
Regina,0
Harvie,2
Melvina,0
Leilani,0
Sawyer,0
Sheldon,2
Pink,2
Maurice,0
Letitia,0
Essex,0
Dickie,0
Jazmyn,2
Dosia,0
Twila,0
Carleton,2
Darcie,0
Wilma,0
Dan,2
Zandra,1
Brennon,1
Jahiem,0
Donn,1
Aria,0
Blanchie,2
Barbara,2
Stacey,0
Laurel,2
Palmer,2
Rueben,2
Ivette,2
Pinkie,0
Aspen,0
Rebekah,0
Jeffie,2
Deyanira,0
Kindra,2
Elianna,0
Ellamae,0
Brynlee,2
Cullen,2
Lowell,2
Governor,2
Izetta,2
Abel,2
Normand,2
Gustaf,0
Ellar,2
Needham,2
Cheyanne,0
Starla,0
Jerri,2
Fredy,2
Ovid,2
Odette,2
Lenora,2
Tristan,2
Tamra,0
Orvel,2
Lucero,0
Lena,2
Robyn,2
Gwenda,0
Erving,2
Martine,0
Carlyle,0
Vonda,2
Jorja,2
Orma,0
Madisyn,0
Janae,0
Ryley,0
Karie,0
Sunshine,0
Brianna,2
Lenny,2
Darryll,1
Deborrah,2
Rossie,0
Nya,0
Timmothy,0
Julissa,0
Gisselle,0
Hernan,1
Gottlieb,0
Adda,2
Makayla,0
Reason,0
Yandel,2
Plummer,0
Dorine,2
Cinda,0
Hoyt,2
Treyvon,2
Myer,0
Ruthe,2
Edla,2
Norton,1
Riya,0
Gavin,0
Louisiana,0
Wilton,2
Cato,0
Hiroshi,0
Glenda,2
Golden,2
Lorena,2
Wilmer,0
Chancey,0
Colette,0
Olen,2
Juanita,0
Alva,2
Arly,2
Abril,2
Gael,0
Champ,0
Cohen,0
Pandora,2
Maxine,0
Fielding,2
Darvin,1
Alvy,2
Isiah,0
Rickie,0
Elvie,0
Kamari,0
Otto,2
Cortez,0
Rylie,0
Trilby,2
Ashanti,0
Jolette,2
Royce,0
Itzel,2
Tate,2
Deandra,2
Mardell,2
Dashawn,0
Caren,0
Lailah,2
Hayleigh,0
Andre,2
Darlyne,2
Amos,0
Lanny,2
Manley,0
Talan,2
Americo,0
Samira,0
Martin,2
Augustina,0
Donte,2
Rebecca,0
Orrie,0
Susanne,0
Madora,0
Kash,0
Attilio,0
Codie,0
Ogden,2
Dolph,1
Tilda,2
Moises,0
Leda,2
Launa,0
Eli,0
Ah,2
Bernie,2
Erykah,0
Laurance,0
Tiesha,0
Haylie,0
Nilda,2
Jasper,2
Shyheim,0
Ami,0
Cindy,0
Reginal,0
Dot,2
Estela,0
Duwayne,0
Cristobal,0
Zona,2
Elmyra,0
Zilpha,1
Rory,2
Farrell,1
Euphemia,0
Nelson,2
Coretta,0
Bettyjane,2
Bradley,2
Lucinda,0
Keanna,0
Abdul,2
Cristen,0
Dessie,0
Krystina,0
Hilma,0
Stephani,2
Johnathan,1
Milda,0
Geo,0
Moe,0
Ephraim,2
Sabrina,0
Crysta,0
Cordia,0
Ferne,2
Paul,2
Tenisha,0
Maryann,0
Garrick,0
Idamae,0
Pepper,1
Sherryl,2
Montel,2
Sebrina,0
Arman,0
Norwood,0
Frances,0
Cale,0
Shyanne,0
Estrella,2
Acey,0
Enzo,2
Jayson,0
Elenor,2
Petra,2
Nanie,0
Freeman,0
Jaylon,2
Ouida,0
Seward,0
Melany,0
Norval,1
Jaylynn,2
Clayton,0
Leonce,0
Desmond,0
Iola,0
Meagan,0
Opal,2
Harmony,0
Luana,0
Darlene,2
Vincenzo,2
Mafalda,0
Aura,0
Angelo,0
Iridian,0
Lars,2
Treva,2
Jasmyne,0
Dafne,2
Layne,0
Roll,1
Ilo,2
Irl,2
Melva,0
Hank,2
Amaya,0
Jackeline,0
Omari,0
Sherlyn,2
Eris,0
Amira,0
Izabella,2
Mauro,0
Mandie,0
Janiyah,0
Miguelangel,0
Bennett,1
Miguel,0
Rolando,2
Graham,0
Sybilla,0
Jamal,0
Bush,2
Jenny,2
Verdell,1
Jalissa,0
Ahmad,0
Stan,2
Breanne,2
Dana,2
Pat,2
Nena,2
Bo,2
Carlotta,2
Byrdie,2
Towanda,0
Long,2
Kimberlee,0
Rahsaan,0
Ronal,2
Willam,0
Odalys,0
Giovanny,0
Basil,0
Dedrick,0
Evander,2
Damien,0
Britany,2
Abbott,1
Mindi,0
Ayesha,0
Jake,0
Stasia,0
Linnea,2
Nery,2
Telly,2
Rance,0
Joselyn,0
Kendall,2
Darleen,2
Caddie,0
Hansel,2
Reggie,0
Ty,2
Maymie,0
Tobias,0
Daria,0
Watt,2
Ericka,0
Kiara,0
Nyah,2
Deangelo,2
Keena,0
Margarite,0
Ursula,0
Maybelle,0
Adamaris,0
Minta,0
Sondra,2
Noe,0
Carlisle,0
Paityn,2
Lorenza,2
Arleth,1
Suellen,0
Foster,2
Kourtney,0
Jerica,0
Shelli,2
Almira,0
Hillard,1
Liam,0
Nataly,2
Therese,0
Leila,0
Woodie,0
Claud,0
Jarret,1
Rich,2
Bianca,0
Mercer,0
Tad,2
Corinna,0
Dora,2
Colbert,2
Katharyn,2
Andra,2
Carry,0
Verle,2
Evans,0
Shaina,0
Hilliard,1
Henriette,2
Pairlee,0
Loree,0
Willa,0
Blain,2
Kristy,0
Dewey,0
Keith,0
Parley,2
Harriette,2
Wilda,0
Koby,0
Tal,2
Aisha,0
Rosendo,0
Salena,0
Liliana,0
Bonita,2
Theda,2
Kymani,0
Zelma,0
Scarlet,0
Shalon,2
Ada,0
Virginia,0
Joan,2
Montrell,2
Giles,0
Berry,2
Sula,0
Marlee,0
Mikaela,0
Jonah,2
Juliana,0
Adan,2
Glenn,2
Brylee,2
Oliver,2
Genie,0
Della,2
Jena,2
Olof,2
Zadie,0
Deven,2
Wilhelmina,0
Arie,0
Kasen,0
Manuel,0
Terrell,1
Atlas,0
Memphis,0
Sheila,0
Dione,0
Shep,2
Janiah,2
Orene,0
Ferd,1
Aubrey,0
Abdiel,2
Josefina,0
Vonnie,2
Anice,0
Jazmyne,0
Vic,0
Emeline,0
Gustave,0
Bernadette,1
Joi,0
Zeke,0
Briley,2
Hanna,2
Ida,0
Kaiya,0
Antoine,0
Tangela,0
Sebastian,0
Takisha,0
Johnpaul,1
Hana,2
Erik,0
Kia,0
Hosie,0
Laney,0
Edythe,2
Kamilah,0
Ellen,2
Tonda,2
Ferdinand,1
Zaida,0
Jayde,0
Mindy,0
Timmie,0
Donny,2
Freda,2
Wilber,2
Clell,2
Bayard,2
Saundra,0
Johnie,2
Jenilee,0
Daijah,2
Savion,0
Minnie,0
Roderic,2
Daron,2
Conley,0
Kevon,0
Cristy,0
Efrem,0
Durwood,0
Casimiro,0
Emmanuel,0
Herma,0
Leisha,0
Ginger,0
Marisela,0
Heidi,0
Myrtis,0
Salma,0
Brayden,2
Ronnie,2
Lavinia,0
Verlene,2
Skye,0
Velia,0
Asia,0
Dimple,2
Kati,0
Lamont,2
Randal,1
Elena,0
Bryce,0
Lella,2
Paralee,0
Humphrey,2
Susana,0
Efrain,2
Mackenzie,0
Ottis,0
Beecher,0
Dorathea,2
Spenser,0
Trace,0
Ambers,0
Deena,0
Roger,0
Clark,0
Mickie,0
Priscila,0
Shanice,0
Javon,2
Stephon,2
Domenic,0
Draven,1
Jaymes,0
Dominga,0
Rosita,0
Ronin,2
Lucious,0
Edson,0
Paisley,0
Alize,0
Vesta,0
Jinnie,2
Henderson,2
Taliyah,0
Dabney,2
Anthony,2
Akeem,0
Aleta,0
Susan,0
Tatiana,0
Chalmer,0
Dominque,0
Levon,2
Cecilia,0
Amiyah,0
Bridger,2
Ashtyn,2
Hasel,0
Eugene,0
Melodee,0
Omie,0
Christeen,0
Pierre,2
Lavonne,2
Carlos,0
Tyrin,2
Birdie,2
Arjun,2
Dorathy,2
Rayburn,2
Waymon,0
Kazuo,0
Arnetta,2
Shawnda,0
Artelia,0
Zane,2
Imogene,0
Delbert,1
Norris,0
Lossie,0
Jaheem,0
Hoover,2
Green,0
Maurine,0
Elda,2
Esther,2
Alfreda,2
Idella,2
Kanesha,0
Annis,0
Arther,1
Mohammed,0
Lizabeth,2
Lauryn,2
Rolland,1
Kamron,0
Harrison,0
Micayla,0
Neoma,0
Joy,0
Williams,0
Dellie,2
Clovis,0
Verne,2
Philo,2
Destin,2
Omar,0
Teela,0
Vickie,0
Brant,1
Kaleb,0
Tasha,0
Reyna,0
Arline,2
Duane,0
Lila,2
Melodie,0
Latoyia,0
Lissette,0
Elliott,2
Mell,2
Tyrone,2
Adin,2
Dalton,1
Barnett,1
Leisa,0
Jerimiah,0
Len,2
Gena,0
Keegan,0
Jazlene,2
Theola,2
Beadie,0
Eathel,2
Keisha,0
Merlene,0
Donovan,2
Cassidy,0
Abbey,0
Zina,2
Wilbur,2
Mabel,0
Winford,2
Sandra,2
Venice,0
Alek,0
Ednah,2
Shantel,2
Harlie,2
Johanna,2
Madeleine,0
Louann,2
Luanne,2
Porsha,2
Citlali,0
Dezzie,2
Micky,0
Jordon,1
Aditya,0
Mathias,0
Orpha,2
Mac,0
Almedia,0
Evalyn,2
Hedwig,0
Gloria,0
Jonell,1
Laverne,2
Grover,2
Melvin,2
Tisha,0
Rex,2
Carsen,0
Shena,0
Lonzo,2
Percy,0
Landyn,1
Mamie,0
Zoe,0
Chantel,2
Margaret,0
Montana,0
Oris,0
Richard,2
Roxana,2
Arabella,2
Male,0
Mikayla,0
Fletcher,1
Rodger,2
Christa,0
Matt,2
Rudolf,2
Murphy,2
Finley,2
Halie,0
Joeseph,0
Roberta,2
Cuba,0
Cherelle,2
Less,0
Kelsey,0
Mireya,0
Latasha,0
Case,0
Jimmie,0
Nettie,2
Shardae,0
Morton,2
Orren,2
Virge,0
Ellery,2
Dillie,2
Shane,0
Krystal,0
Egbert,2
Silas,0
Jeramy,0
Diamond,0
Aloysius,0
Maida,0
Wyatt,0
Delia,0
Cristi,0
Nola,2
Oney,0
Patience,2
Branch,1
Arlyne,2
Rudolph,2
Leonard,2
Levy,2
Ishmael,0
Orlo,2
Jacoby,0
Hughie,0
Grayson,0
Drew,2
Linnie,2
Robby,2
Domingo,0
Elvia,0
Marland,2
Leonia,0
Abigale,0
Florine,2
Savana,0
Zella,2
Caylee,0
Elodie,0
Osborn,2
Destiney,0
Cliffie,0
Alissa,0
Bettie,2
Deforest,0
Maya,0
Estefany,0
Jovita,2
Amiya,0
Saige,0
Jamison,0
Jameel,0
Loris,0
Naomi,0
Renae,0
Amil,0
Delta,2
Suzan,0
Ura,2
Myah,0
Eston,0
Eugenia,0
Dakoda,0
Alfred,1
Illya,0
Danita,2
Lela,2
Zariah,2
Darrell,1
Bethany,2
Billye,2
Rosario,0
Reynaldo,2
Adelaide,0
Gaylene,0
Rylee,0
Jessee,0
Janell,1
Ainsley,0
Cora,0
Genevra,0
Hildegarde,2
Dyan,2
Armond,2
Josiephine,0
Laron,2
Dicy,0
Clyde,0
Hildur,1
Deneen,2
Bryant,1
Braxton,1
Valorie,0
Verona,2
Ozell,2
Imelda,0
Kassidy,0
Ebony,0
Dorthy,1
Tony,2
Shauna,0
Chrissy,0
Lacie,0
Karina,0
Eleni,0
Mohammad,0
Manly,0
Jed,2
Era,0
Branson,2
Malaki,0
Dominique,0
Reva,2
Landin,1
Sena,0
Dayami,0
Leona,0
Agusta,0
Tomeka,0
Maricela,0
Clarance,0
Camila,0
Keion,0
Kelis,0
Jett,1
Nealy,0
Kaeden,0
Maebell,0
Hakim,0
Bryan,2
Irving,2
Tegan,0
Bode,2
Jill,1
Barney,2
Kimberlie,0
Amaris,0
Rinda,2
Benjamin,0
Lou,0
Cressie,0
Harland,1
Damarion,0
Malissa,0
Lillia,2
Dimitri,0
Mahalie,0
Estelle,0
Beaulah,0
Jordi,2
Ethyle,2
Fleming,2
Kenisha,0
Elmer,0
Marie,0
Lois,0
Pryor,2
Hardy,2
Gaynell,0
Chuck,0
Cooper,0
Celestia,0
Erline,2
Chelsi,0
Archibald,0
Arlan,2
Frida,2
Kimberly,0
Alonso,0
Nina,2
Milford,2
Dee,0
Rolanda,2
Bettina,2
Mauricio,0
Candyce,0
Pennie,2
Ireland,2
Torie,0
Christen,2
Jovan,2
Sabastian,0
Emelia,0
Hans,2
Ben,2
Constantine,0
Napoleon,0
Isidore,0
Ramona,0
Shamar,0
Rayan,0
Angella,0
Odie,0
Daphne,2
Jaycie,0
Tommie,0
Piper,2
Allie,0
Ettie,0
Anastacia,0
Dellar,1
Myrtle,0
Zackary,0
Kathaleen,0
Ryland,1
Randolf,1
Alexande,2
Tom,0
Ethie,0
Candace,0
Dalia,0
Newton,2
Harding,1
Judson,2
Wilhelmine,2
Laureen,0
Jana,2
Lana,2
Verlyn,1
Lonny,2
Aleen,0
Roseanne,0
Leanne,2
Luca,0
Junior,2
Lauren,2
Hjalmer,0
Kyleigh,0
Cinnamon,0
Gwyneth,0
Lavera,2
Alexzander,2
Vernetta,1
Rosina,0
Lue,2
Esperanza,0
Delores,0
Lilia,0
Elissa,0
Simmie,0
Cindi,0
Gladstone,0
Dola,2
Kellan,2
Alford,1
Estevan,0
Nelie,0
Jamir,0
Marion,0
Craig,0
Stephen,2
Kanye,0
Dorian,2
Braylen,2
Cheryle,0
Deja,2
Audriana,0
Fed,2
Chadrick,2
Florian,2
Luverne,2
Vito,2
Monique,0
Merrill,2
Saniya,0
Alethea,0
Colin,0
Michell,0
Juan,2
Barb,1
Stephenie,0
Clarnce,0
Jayden,2
Sybil,0
Blas,2
Khalid,2
Irma,0
Gee,0
Zayne,0
Tammy,0
Kerwin,0
Miracle,0
Thor,1
Dane,2
Felecia,0
Violette,2
Margaretta,0
Felicity,0
Jayne,0
Janine,2
Austyn,0
Reed,2
Jerald,1
Amerigo,0
Rhea,2
Cannie,0
Vester,2
Woody,0
Acy,0
Flo,2
Rose,0
Antwon,2
Aurore,0
Adolphus,1
French,1
Jorge,0
Abbie,0
Onnie,0
Kylene,0
Karan,0
Rubye,0
Taurus,0
Ivy,0
Russell,0
Katelynn,2
Dicie,0
Wayland,0
Ismael,0
Dell,1
Alcee,0
Cherrie,0
Darwin,2
Camron,0
Janyce,0
Corie,0
Seldon,2
Crissy,0
Jocelyne,0
Concetta,0
Delora,2
Denisse,0
Donia,0
Azzie,0
Shannan,2
Ruthann,1
Keshawn,0
Cailyn,0
Harriet,2
Lafe,2
Kandi,0
Kinsey,0
Fate,2
Shyann,2
Elliot,2
Gunda,0
Floyd,2
Kalyn,0
Larry,2
Allyson,0
Holly,2
Florie,2
Deann,2
Haley,0
Madilynn,2
Luigi,0
Sharee,0
Mistie,0
Gregoria,0
Cyntha,2
Darby,2
Imanol,0
Zed,2
Loyal,0
Gardner,2
Jamya,0
Nanci,0
Vernita,2
Clinton,2
Baylie,0
Karli,0
Cecelia,0
Derek,0
Breanna,2
Jeanmarie,0
Kayleigh,0
Deante,2
Kaden,0
Josette,0
Ferman,2
Alia,0
Lynne,2
Perry,2
Ed,2
Yancy,0
Conard,2
Ava,0
Hermon,2
Rhonda,1
Littleton,1
Sophie,0
Thurlow,2
Spurgeon,0
Anissa,0
Clyda,0
Malcom,0
Tilla,2
Ashlea,0
Kyan,0
Leonora,0
Christi,0
Ashton,2
Dagny,0
Yaretzi,0
Kyree,0
Dion,2
Zoey,0
Edsel,0
Tayshaun,0
Shawna,0
Cornie,0
Leone,0
Nigel,0
Isamar,0
Furman,2
Manford,2
Zelia,0
Allan,2
Laquan,0
Arvilla,2
Kaitlin,0
Bunk,2
Karl,2
Ike,0
Haylee,0
Briana,2
Williemae,0
Mikal,0
Jeannine,2
Gidget,0
Dwane,0
Nyla,2
Rosanna,0
Nathalie,2
Trenten,1
Hessie,0
Torey,0
Treyton,2
Patti,2
Rosalie,0
Lani,2
Charla,2
Mira,0
Timmy,0
Barnard,1
Metha,0
Jaquez,0
Gerda,0
Dawn,2
Louetta,0
Gaven,0
Gearldine,0
Calvin,2
Citlalli,2
Charisse,0
Muhammad,0
Jaclyn,2
Osvaldo,0
Erby,2
Zara,2
Marianna,0
Loyd,2
Cruz,2
Jaxson,0
Bjorn,1
Mathilde,2
Kiersten,0
Frankie,0
Ridge,0
Danelle,2
Wendel,2
Tarah,2
Christene,2
Anneliese,0
Sonji,0
Evertt,1
Izabelle,2
Taryn,2
Otha,2
Llewellyn,2
Ela,0
Myranda,0
Audley,0
Lessie,0
Red,2
Kittie,0
Drusilla,2
Berkley,0
Katelyn,0
Heather,2
Jimena,0
Kelan,0
Liz,2
Adria,0
Ophelia,0
Victory,0
Kennedy,0
Mart,2
Yolonda,0
Kellee,0
Annika,0
Fatima,0
Summer,0
Julio,0
Lanie,0
Kristofer,0
Silvio,0
Shirleyann,0
Lilly,2
Laverna,2
Diallo,2
Juliette,2
Deidre,2
Homer,0
Caron,0
Genaro,0
Millicent,0
Eva,0
Rosalia,0
Luberta,2
Brea,2
Kala,0
Guilford,2
Donnell,1
Tabatha,2
Rene,2
Etna,2
Demetra,0
Omer,0
Clarisa,0
Mark,0
Kadence,0
Gaylen,0
Dario,0
Gunnar,2
Geary,0
Aja,0
Genoveva,0
Easton,0
Oakley,0
Kristopher,0
Solomon,0
Yahir,0
Tobie,0
Marcelina,0
Darian,2
Delma,0
Marcellus,0
Dorman,2
Kelvin,2
Luz,2
Merrily,0
Natasha,0
Harvy,2
Charleen,2
Doctor,2
Anabelle,2
Karyl,0
Blanch,1
Cathi,0
Dock,0
Sallie,0
Charles,0
Macey,0
Lethia,2
Osborne,0
Masao,0
Joell,2
Epsie,0
Hennie,2
Lawerence,0
Lavonda,2
Misti,0
Karolyn,0
Walton,2
Cletus,0
Brenden,1
Sarina,0
Hosea,0
Lary,2
Sherie,0
Odalis,0
Amara,0
Caitlynn,2
Edwin,0
Victoria,0
Davie,0
Georgeanna,0
Abraham,2
Shanita,0
Javonte,2
Handy,2
Fredrick,1
Mat,0
Obe,2
Kerrie,0
Vena,2
Reginald,2
Arlie,0
Natalie,0
Linda,2
Azalee,0
Caitlin,0
Fallon,1
Lise,0
Clora,0
Nikko,0
Dixie,0
Alysia,0
Gregg,0
Cristine,0
Lorrayne,2
Chastity,0
Marilee,0
Ken,0
Kacey,0
Carleigh,0
Isadora,0
Harley,2
Andon,2
Tomie,0
Kaylin,0
Winfield,2
Ara,0
Randle,1
Mabelle,0
Harman,2
Margot,0
Rae,0
Rozella,2
Coty,0
Idell,2
Vernice,0
Juana,0
Soren,0
Suzanne,0
Johnson,2
Lorayne,0
Manda,0
Albina,2
Zelpha,1
Violeta,0
Kiefer,0
Alycia,0
Madisen,0
Emmalee,0
Elwyn,0
Theresia,0
Michaele,0
Mimi,0
Coraima,0
Mervyn,2
Federico,2
Fanny,2
Aubra,0
Bolden,1
Avah,2
Everet,2
Virgle,2
Tyrese,0
Kisha,0
Samual,0
Shonna,2
Venessa,0
Shantell,1
Allyssa,0
Herschel,2
Cedric,0
Ottilia,0
Auguste,0
Bria,2
Kathryne,2
Josephus,2
Coley,0
Luetta,2
Celestino,0
Rupert,1
Tai,0
Jane,2
Ellsworth,2
Drake,0
Tye,0
Cassondra,0
Gauge,0
Nayely,0
Efren,2
Littie,2
Jerry,2
Melton,2
Rayfield,2
Lady,2
Anjali,2
Keshaun,0
Trey,2
Cole,0
Acie,0
Baby,2
Darrian,2
Nila,2
Casimir,0
Ebba,2
Kara,0
Jossie,0
Zander,1
Margrett,0
Bernardo,1
Antonia,0
Jaquelin,0
Sade,0
Buel,2
Bret,1
Luc,0
Epifanio,0
Quinn,2
Chyna,0
Dempsey,0
Eryn,2
Marty,0
Braydon,2
Margueritta,0
Vallie,2
Parthenia,2
Vashti,2
Cristina,0
Liddie,2
Steve,0
Wade,0
Sabra,0
Kianna,0
Rochelle,2
Colby,0
Gladys,0
Cloe,0
Tyler,2
Cinthia,0
Rube,2
Odell,2
Olie,0
Tracee,0
Joann,2
Maury,0
Dayna,0
Winona,0
Mallie,0
Jude,2
Raymundo,0
Mckayla,0
Chas,0
Jasen,0
Philomena,0
Hilah,2
Cleone,0
Kaila,0
Ruie,0
Daisha,0
Aden,2
Delos,0
Kirsten,0
Dean,2
Darrin,1
Mahlon,2
Marius,0
Son,0
Alicia,0
Orvil,2
Jaidyn,2
Steven,2
Shawnna,0
Ashlie,0
Lone,2
Rutherford,1
Silvester,0
Squire,0
Tamatha,0
Chrystal,0
Royal,0
Joanie,0
Shenna,2
Helene,2
Danniel,2
Yajaira,0
Burk,2
Pluma,0
Nell,1
Marry,0
Mikaila,0
Jacqulyn,0
Eller,2
Lilianna,2
Hailey,0
Tomas,0
Dellia,2
Edra,2
Madelyn,0
Darren,1
Richmond,2
Butler,1
Ebb,2
Juston,2
Jayleen,0
Pearla,2
Katlin,2
Ludwig,0
Rutha,2
Bynum,0
Maureen,0
Neely,0
Cade,0
Brody,2
Aryana,0
Kathi,0
Attie,0
Sarai,0
Chalmers,0
Arnie,0
Cleda,0
Rufus,0
Reece,0
Vernon,1
Matthias,0
Johnny,1
Beau,0
Camryn,0
Aurora,0
Bernadine,2
Charlotte,2
Helen,2
Christel,2
Toccara,0
Hayes,0
Marquise,0
Kandice,0
Toshio,0
Miriam,0
Bernard,1
Hobert,1
Chip,2
Collis,0
Alferd,1
Miley,0
Averi,0
Love,2
Cas,0
Phyliss,0
Hettie,2
Merilyn,0
Colvin,2
Lolla,2
Marina,0
Tamekia,0
Kaley,0
Kyle,0
Kyler,0
Ota,0
Kenya,0
Art,2
Linsey,0
Meghan,0
Amir,0
Kesha,0
Laci,0
Franklin,1
Fidencio,0
Lennie,2
Kwame,0
Mansfield,0
Cappie,0
Ruben,2
Aidan,0
Lelar,2
Melissa,0
Berenice,2
Kenyon,0
Gladyce,0
Rand,1
Myron,0
Maryanne,0
Kinsley,0
Adrien,2
Liane,0
Joe,0
Mercedes,0
Felicitas,0
Stevie,0
Lukas,0
Maceo,0
Lucina,0
Achsah,0
Masako,0
Cordie,0
Triston,2
Lilliana,2
Lisa,0
Lance,0
Juli,2
Bose,0
Autumn,0
Hezzie,2
Meadow,0
Martez,0
Marylee,0
Javier,2
Collie,0
Barton,1
Evon,2
Jens,2
Savannah,0
Breann,1
Kalen,0
Bebe,2
Evita,0
Lidia,0
Alvis,0
Catalina,0
Owen,0
Constance,0
Wesley,0
Angela,0
Prudie,2
Esequiel,0
Edd,2
Brittney,1
Makai,0
Doloris,0
Terance,0
Joni,2
Stoney,0
Linette,2
Yair,0
Bonny,2
Mozella,0
Adlai,0
Derik,0
Medora,0
Julious,0
Jerrad,1
Gerri,0
Cherri,2
Courtland,2
Tabetha,2
Leyla,0
Waylon,0
Edith,2
Beckett,0
Dian,2
Loney,0
Alma,0
Lollie,2
Dirk,2
Harm,2
Lyn,2
Cassie,0
Gordon,2
Loriann,2
Leonor,2
Santino,0
Caitlyn,0
Alessandra,0
Merle,0
German,0
Eddy,2
Susann,0
Gilberto,2
Mildred,2
Sylvia,0
Angele,0
Alfonse,0
Romie,0
Jacey,0
Hetty,2
Gustavo,0
Junius,0
Enriqueta,0
Dyllan,1
Rod,2
Tanika,0
Ramiro,0
Leota,0
Josue,0
Arlis,0
Dewitt,2
Jeanna,2
Desiree,0
Kiana,0
Thedore,2
Zack,0
Ayla,0
Gabrielle,0
Jodi,2
Andrae,2
Leafy,0
Shamika,0
Shona,0
Nylah,2
Renard,1
Isabel,0
Ova,0
Leamon,0
Amon,0
Lambert,2
Conrad,2
Amasa,0
Tomika,0
Shirley,0
Jacquez,0
Brynn,1
Anastacio,0
Taurean,0
Alexandrea,2
Giana,0
Estefania,0
Magan,0
Opha,2
Leola,0
Cary,0
Jayvon,2
Noreta,2
Maximus,0
Marjorie,0
Corey,0
Shameka,0
Shanelle,2
Antonetta,2
Jessika,0
Rosaria,0
Iris,0
Kendell,2
Saniyah,0
Edwardo,0
Auther,2
Schuyler,0
Denny,2
Obed,2
Alexander,2
Jenna,2
Taniyah,0
Eldon,2
Brionna,2
Lori,2
Concha,0
Sharleen,0
Dominick,0
Carma,0
Jase,0
Matias,0
Marchello,2
Sampson,0
Shira,0
Darold,1
Hilbert,1
Joelle,2
Olinda,2
Irvin,2
Antonette,2
Kennth,1
Simone,0
Ethelbert,2
Nico,0
Curt,2
Fred,1
Perla,2
Valery,2
Karley,0
Estie,0
Lisbeth,2
Dallas,0
Lassie,0
Sadye,0
Sydni,0
Parker,2
Kory,0
Soledad,0
Charlotta,2
Ciji,0
Mabell,2
Ethyl,2
Edwina,0
Adriane,0
Fidelia,0
Jaylyn,2
Taniya,0
Brittnay,1
Angeles,0
Marin,0
Kenny,0
Ardelle,2
Latrina,2
Jaqueline,0
Christion,0
Marlie,0
Ellyn,2
Harlene,2
Modena,0
Albin,2
Khari,0
Marlon,2
Diandra,2
Ammie,0
Melisa,0
Dustin,2
Classie,0
Gwyn,0
Desi,0
Janie,0
Earley,0
Dwight,2
Lucius,0
Dawson,0
Coleman,0
Marquis,0
Nevin,2
Hershell,1
Nolia,0
Alanzo,2
Lainey,0
Joseline,0
Hart,1
Lorne,2
Drury,2
Maximilian,0
Donita,2
Pamella,0
Shae,0
Marely,0
Lamonte,0
Deb,2
Arnav,2
Roby,2
Billie,2
Janna,2
Connie,0
Kimball,0
Joanna,2
Delaney,0
Shianne,0
Aaron,0
Maribel,0
Emilie,0
Shayla,0
Lorenz,2
Brandon,1
Mike,0
Calista,0
Reynold,2
Donta,2
Alla,2
Annette,2
Ignacio,0
Elayne,0
Birtie,2
Tishie,0
Rickey,0
Jaimie,0
Azaria,0
Darl,1
Leoma,0
Latosha,0
Hampton,2
Greggory,0
Joanne,2
Reynolds,2
Jeryl,2
Juliann,2
Nanette,2
Dudley,2
Ally,2
Jonatan,2
Darline,2
Myles,0
Prince,2
Ronan,2
Rayford,2
Thad,1
Samantha,0
Myra,0
Thea,2
Nannie,2
Carolyne,0
Kieth,0
Benjiman,2
Meta,0
Edmund,2
Adela,0
Lura,2
Alline,2
Beatrice,2
Yazmin,0
Albion,2
Rexford,1
Sheena,0
Maddox,0
Marnita,0
Glinda,2
Toney,0
Jair,2
Jermey,0
Kierra,0
Woodrow,0
Hester,2
Carlene,0
Erika,0
Destiny,0
Mordechai,0
Stuart,2
Tyquan,0
Marianne,0
Berlin,1
Weldon,2
Archer,2
Chantal,2
Lawton,2
Murl,2
Algie,0
Isabela,0
Sharron,2
Annmarie,0
Electa,0
Lacey,0
Aili,0
Rogelio,0
Boysie,0
Ceasar,0
Liza,2
Gracelyn,0
Esker,0
Brittani,1
Greyson,0
Sherita,0
Tennille,1
Yesenia,0
Addyson,0
Gabe,0
Anthoney,2
Siddie,0
Jody,2
Alcide,0
Karren,2
Xander,1
Kylee,0
Doshie,0
Kennard,2
Evette,2
Theodis,0
Krissy,0
Hedy,2
Edie,0
Debrah,1
Errol,2
Trudie,2
Jessye,0
Arnoldo,2
Beverley,2
Tamala,0
Dallin,1
Dasia,0
Eldred,1
Jonathan,1
Rosemary,0
Elaina,0
Barbie,2
Erla,2
Justine,0
Lesta,0
Syble,0
Barbra,1
Harris,0
Scarlett,0
Holli,2
Victorine,0
Arthor,1
Alisha,0
Elizbeth,2
Toni,2
Denzel,1
Belva,2
Orlin,2
Vince,0
Adriana,0
Denzell,1
Clotilda,2
Warner,2
Dequan,0
Daniela,0
Marylouise,0
Louie,0
Roscoe,0
Douglass,0
Allene,2
Isabell,0
Akira,0
Exie,0
Nathaniel,2
Paola,0
Valentine,2
Toma,0
Shiloh,2
Djuana,0
Winfred,2
Hazel,2
Brannon,1
Atticus,0
Kegan,0
Sloane,0
Sylva,0
Jerrel,1
Alda,2
Ballard,1
Destini,0
Verdie,2
Fairy,0
Tallie,2
Lera,2
Estella,0
Sibbie,0
Alejandra,2
Marleen,0
Natalia,0
Orvin,2
Alfonzo,2
Belen,2
Clide,0
Bernice,0
Michal,0
Nichol,2
Media,0
Francine,2
Fredericka,0
Reid,2
Janelle,2
Tavon,2
Jajuan,2
Jorden,1
Dania,0
Zayden,2
Josef,0
Coleton,0
Sydney,0
Ceylon,0
Kenia,0
Marlen,2
Norine,2
Florencio,2
Gerry,0
Carolina,0
Carolee,0
Brendan,1
Djuna,2
Kiya,0
Melony,0
Kael,0
Weston,0
Beulah,2
Maxie,0
Ahmed,0
Joesph,2
Daryle,2
Garrett,2
Gillian,0
Jerel,2
Malik,0
Phyllis,2
Claudia,0
Danica,0
Shanequa,0
Lawyer,0
Shanta,2
Antonio,0
Posey,0
Ennis,0
Jay,0
Donat,2
Serena,0
Harrell,1
Sidney,0
Fount,2
Bell,1
Margarita,0
Lona,2
Joella,2
Durell,1
Essence,0
Solon,0
Pate,2
Norita,2
Drucilla,2
Romaine,0
Pranav,2
Rian,2
Maleah,0
Rusty,0
Taya,0
Yasmeen,0
Tucker,0
Debbra,1
Maria,0
Makenna,0
Vilma,0
Georganna,0
Freddie,2
Magdalen,0
Kareem,0
Jerusha,0
Matilde,0
Norma,0
Allen,2
Noelia,0
Vivien,2
Sandy,0
Wally,0
Schley,0
Bryana,2
Alvah,2
Marilou,0
Diana,0
Amelie,0
Derrick,0
Lorie,0
Texanna,2
Fabian,2
Tamya,0
Sofia,0
Trevin,1
Kieran,0
Jemima,0
Freddy,1
Adel,2
Glennis,0
Leala,0
Duard,2
Kaaren,0
Rachelle,2
Rishi,0
Geoff,2
Montserrat,0
Karla,0
Kattie,0
Emelie,0
Darron,1
Tera,2
Payton,2
Troy,2
Neil,2
Santos,0
Dianne,2
Nichelle,2
Priscilla,0
Brandie,2
Rafael,2
Dayne,0
Shelbie,0
Cami,0
Elon,2
Madelene,0
Dionte,2
Hoy,0
Baxter,1
Tatyanna,2
Areli,0
Keven,0
Darryn,1
Boston,2
Boone,0
Dessa,0
Marguerite,0
Derl,1
Brisa,0
Ivana,0
Wong,0
Eleanore,0
Duff,1
Addie,0
Ace,0
Rosalee,0
Katy,0
Damarcus,0
Corene,0
Tre,2
Ell,2
Babyboy,0
Rowena,0
Waino,0
Willis,0
Denita,2
Linden,1
Herbert,1
Wilfrid,2
Jere,2
Yurem,0
Spencer,0
Roena,0
Delilah,2
Altie,0
Sonya,0
Judah,2
Candido,0
Roswell,2
Kami,0
Alfonso,0
Dozier,2
Elida,0
Merrie,0
Kasandra,0
Connor,2
Myrtie,0
Sheyla,0
Zebulon,2
Shay,0
Pearly,2
Anais,0
Elie,0
Lulla,2
Brown,2
Lurline,2
Floretta,1
Calla,0
Rafe,2
Destry,2
Michele,0
Maryellen,0
Keagan,0
Janis,0
Knox,0
Tea,0
Davin,2
Tammi,0
Brendon,1
Rosie,0
Stefani,0
Jakob,0
Ann,2
Dino,2
Rob,2
Jabez,2
Orlena,2
Dakota,0
Keaton,0
Rosanne,0
Kunta,0
Aloys,0
Tracey,0
Payten,2
Emett,0
Tatia,0
Perri,2
Ambrose,0
Spring,0
Val,2
Vashon,2
Beatrix,2
Clemence,0
Braiden,2
Kameron,0
Chester,0
Tolbert,1
Brennen,1
Konnor,2
Irwin,0
Marget,0
Gary,0
Raleigh,0
Jacklyn,0
Erle,2
Jarrell,1
Ethan,2
Margene,0
Sarahi,0
Almina,0
Jennie,2
Waneta,0
Fay,0
Clella,2
Cherilyn,2
Joslyn,2
Cristofer,0
Merrilee,0
Purl,1
Simona,0
Jerad,2
Deedee,0
Alcie,0
Alpha,2
Ali,0
Raiden,2
Irene,2
Laurence,2
Halley,2
Tasia,0
Jerod,2
Riley,0
Jazmine,0
Loda,2
Sherry,2
Tami,0
Ozella,2
Jack,0
Clearence,0
Stacia,0
Cash,0
Gertie,0
Newell,2
Leandra,2
Immanuel,0
Olene,0
Shari,0
Aniya,0
Abie,0
Terence,0
Clevie,0
Vela,2
Jamila,0
Lempi,0
Marc,0
Burr,1
Jerrie,2
Pattie,2
Cael,0
Garey,0
Arley,0
Kaiden,0
Madalyn,0
Ezekiel,0
Kevin,0
Isobel,0
Roxie,0
Hamilton,0
Ishaan,0
Belia,0
Cortney,0
Hazelle,2
Magdalena,0
Nikole,0
Trevion,2
Hugh,2
Mateo,0
Guy,0
Demian,0
Kian,0
Lucetta,0
Seneca,0
Viney,0
Leta,2
Grant,2
Cordaro,0
Joana,0
Bentley,2
Elle,2
Sharita,0
Jakobe,0
Jacques,0
Fredric,1
Jeanne,2
Jaquan,0
Madge,0
Daryl,2
Elder,2
Garnet,2
Brittny,1
Ellwood,0
Valentino,2
Norberto,1
Rico,0
Redden,1
Ula,2
Arthur,1
Judd,1
Raoul,0
Libbie,2
Ximena,0
Gabriel,0
Dillan,1
Martina,0
Liana,0
Hilton,1
Mariela,0
Ludie,0
Seymour,0
Kelley,0
Lenna,2
Elizabet,0
Francesco,0
Auston,0
Cordelia,0
Jolene,2
Jeri,2
Maudie,0
Marcelo,0
Karen,0
Winnifred,0
Lindsay,0
Camren,0
Grayce,0
Derwin,2
Gerold,2
Julianna,2
Melba,0
Jered,2
Mable,0
Abelardo,2
Elmore,0
Doug,0
Leatha,2
Leonie,0
Asha,0
Yessenia,0
Jerilynn,1
Signe,0
Lish,2
Elvira,2
Elenore,0
Bartley,2
Penni,2
Kirstin,0
Dorothea,2
Farah,2
Merl,2
Arra,2
Dorris,0
Hyrum,0
Zechariah,0
Shaniya,0
Shaquan,0
Audrianna,2
Walt,2
Elyse,0
Shirl,2
Kenley,0
Lucille,0
Brittaney,1
Angelina,0
Charle,2
Chanda,2
Braylon,2
Nikhil,2
Kassie,0
Harriett,2
Davina,2
Anabella,2
Bev,2
Savanah,0
Hill,1
Gay,0
Mikhail,0
Marci,0
Mikala,0
Shani,0
Kya,0
Etter,2
Walker,0
Lilyan,2
Kipp,2
Demetria,0
Marvel,2
Rohan,2
Ofelia,0
Clifton,2
Claude,0
Lindbergh,1
Kristoffer,0
Brandan,1
Yulissa,0
Alvie,0
Dink,2
Benjaman,0
Dixon,2
Chance,0
Astrid,2
Iyanna,0
Lora,2
Lydell,1
Leonel,2
Ica,0
Lexus,0
Tara,2
Kellen,2
Brandyn,1
Jacob,0
Syreeta,0
Shania,0
Leslee,0
Retha,2
Mavis,0
Edyth,2
Sheilah,0
Marlys,0
Eola,0
Chanel,2
Jaslene,0
Benny,2
Alina,0
Alvaro,2
Deion,0
Quiana,0
Demario,0
Kirstie,0
Lorene,2
Lane,2
Virgie,0
Amie,0
Fannie,2
Dosha,0
Reanna,2
Faustino,0
Benedict,2
Chanelle,2
Lanita,2
Ira,2
Britny,1
Jessy,0
Ezequiel,0
Magnolia,0
Marlene,0
Ronny,2
Dorla,2
Willian,0
Merry,0
Leo,2
Tillman,2
Armando,0
Veola,0
Reuben,2
Nadia,0
Jean,2
Kazuko,0
Edmonia,0
Cadence,0
Octavius,0
Quinton,2
Fronia,2
Anton,2
Oran,2
Wilburn,2
Koen,0
Breana,2
Cleon,0
Haden,2
Foy,0
Wm,0
Lashawn,0
Laken,0
Fredie,2
Nicole,0
Webster,0
Conor,0
Ashli,0
Tana,2
Wardell,2
Beth,1
Giovani,0
Worley,0
Albertina,2
Nona,2
Dossie,0
Leanna,2
Earlean,0
Willow,0
Alannah,2
Jefferson,2
Gerhard,2
Burrel,1
Joretta,2
Sigrid,0
Vere,2
Ivah,2
Katerina,0
Loyce,0
Una,0
Rhianna,2
Corine,0
Vick,0
Deanna,2
Ciara,0
Jolie,0
Charity,0
Shaunna,0
Luann,2
Pernell,1
Josefa,0
Trista,2
Francisqui,0
Kaylan,0
Isaiah,0
Nikia,0
Merlyn,2
Alan,2
Icie,0
Mario,0
Lilie,0
Mae,0
Karly,0
Gisele,0
Aleena,0
Huldah,1
Saint,0
Karissa,0
Assunta,0
Khadijah,0
Porter,1
Zada,2
Trish,2
Presley,0
Guillermo,0
Racquel,0
Herb,1
Deric,0
Sheryll,2
Ora,0
Lavada,2
Sedrick,0
Sussie,0
Cherie,0
Tevin,2
Vernelle,1
Lovie,0
Barry,2
Tyrell,1
Alzina,2
Lorelai,0
Verna,2
Latoya,0
Savon,0
Ardell,1
Makala,0
Brittany,1
Wellington,2
Carrie,0
Wendell,2
Janiya,0
Nancy,0
Terese,0
Raekwon,0
Vinie,0
Greg,0
Orange,0
Deron,2
Karrie,0
Alvera,2
Tennie,2
Aleah,0
Brenton,1
Vergie,0
Werner,2
Danna,2
Jadon,2
Lenwood,0
Imani,0
Loreen,2
Rowan,0
Tinnie,2
Rodolfo,0
Alvin,2
Beckham,0
Che,2
Lashonda,2
Adalberto,2
Vara,2
Griselda,0
Uriel,0
Versie,0
Foch,2
Trumaine,0
Abby,2
Karyn,0
Zachariah,0
Hamp,0
Stacie,0
Lyndsay,0
Erie,0
Hattie,2
Kamryn,0
Abigail,0
Brandt,1
Nash,2
Cesar,0
Melbourne,0
Peggie,0
Tobe,2
Jadyn,2
Pershing,2
Jarod,2
Elinor,2
Annabel,2
Marva,0
Emogene,0
Andy,2
Jones,0
Courtney,0
Reno,2
Babe,2
Tawny,0
Tristian,0
Jaylah,2
Lavina,2
Migdalia,0
Zeta,2
Ardath,1
Fawn,2
Luisa,0
Kinte,0
Parlee,2
Sharyl,2
Jewell,2
Maude,0
Dorothy,2
Jaylin,2
Emaline,0
Jaden,2
Joel,2
Louanna,0
Adriene,0
Enola,0
Adelard,2
Mace,0
Fleeta,2
Hortense,2
Arne,2
Renee,0
Cosmo,0
Jacqueline,0
Zhane,2
Jeremey,0
Karon,0
Iliana,0
Jakayla,0
Joaquin,0
Annabella,2
Stephania,0
Fidel,2
Valencia,0
Corliss,0
Drema,0
Justyn,2
Charlottie,1
Amma,0
Rebeca,0
Lyric,0
Cherish,0
Letta,2
Jarrett,1
Charley,0
Nolan,2
Oneida,0
Kai,0
Lilian,2
Erich,0
Elizah,2
Keira,0
Virgia,0
Brett,1
Gibson,0
Rosemarie,0
Shanon,2
Ethelyn,2
Winthrop,2
Nunzio,2
Lemuel,0
Aarav,0
Kurt,2
Lawrance,0
Zillah,1
Nikolas,0
Jordyn,1
Kristyn,0
Yusuf,0
Jermain,0
Amirah,0
Ashleigh,0
Tamie,0
Ashly,0
Ashlyn,2
Jensen,2
Jeannette,2
Creed,0
Verner,1
Nicholas,0
Rosalyn,0
Georgiana,0
Suzy,0
Benji,2
Cornelia,0
Gaylord,0
Fleda,2
Faith,2
Devin,2
Hasan,0
Matteo,0
Niles,0
Jared,2
Manila,0
Lettie,2
Elba,2
Lavelle,2
Rustin,2
Kylie,0
Lennon,1
Diann,2
Sylvan,2
Rolla,2
Darin,2
Katia,0
Esley,0
Reatha,2
Debroah,2
Cyrus,0
Roseanna,0
Barrie,2
Hannah,1
Niko,0
Leonardo,2
Elizabeth,0
Trudy,2
Evelyn,2
Eleanora,0
Demi,0
Madeline,0
Latarsha,0
Whit,2
Levar,2
Burney,2
Julianne,2
Margy,0
Anatole,0
Carroll,2
Talmage,0
Collins,0
Denisha,0
Glendon,2
Gerard,2
Danika,0
Garth,2
Delphin,1
Angelia,0
Milly,0
Prentice,2
Ricci,0
Aydin,0
Heyward,0
Clement,0
Gerhardt,2
Boss,0
Lesa,0
Maira,0
Somer,0
Adell,2
Alvina,2
Justina,0
Ephriam,2
Sergio,0
Tennessee,0
Zula,2
Loria,0
Elvera,2
Annabell,2
Carla,0
Debbie,2
Braelyn,2
Tyriq,0
Sinda,0
Bronson,2
Coby,0
Lizeth,1
Cheryl,2
Colon,0
Zachary,0
Chris,0
Jaycee,0
Eldora,2
Lavenia,0
Delvin,1
Venie,0
Nancie,0
Donald,1
Bertie,2
Howell,2
Christin,2
Vernal,1
Randell,1
Jaydon,2
Dona,2
Lexi,2
Cali,0
Janel,2
Elwin,0
Fonda,2
Georgene,0
Thornton,1
Charlton,1
Thaddeus,1
Alston,2
Georgeann,0
Torrie,2
Cason,0
Jerrilyn,1
Mittie,0
Maximo,0
Denine,2
Tillie,2
Leonore,0
Marley,0
Olena,0
Jordy,2
Refugio,0
Khalil,2
Markell,0
Karsyn,0
Kailee,0
Derrell,1
Taj,2
Devan,2
Mozell,2
Bobby,2
Elsworth,2
Shelby,2
Derick,0
Lynnette,1
Lindy,2
Keenan,0
Arla,2
Erland,1
Owens,0
Berniece,2
Herminia,0
Maegan,0
Ferris,2
Ozie,0
Darla,2
Shannon,2
Gaylon,0
Clint,2
Kelsea,0
Hilmer,2
Jace,0
Bobbi,2
Georgia,0
Marissa,0
Ruffus,2
Gilbert,2
Delina,2
Kalvin,2
Scottie,0
Emmit,0
Columbus,0
Sky,0
Deshaun,0
Missouri,0
Kolby,0
Devonta,2
Goebel,0
Francis,0
Bette,2
Soloman,0
Golda,0
Felicie,0
Madie,0
Rollin,1
Darrel,1
Keon,0
Gianna,0
Siobhan,0
Rheta,2
Magen,0
Armand,2
Griffith,1
Robb,1
Sharen,2
Jannette,1
Chante,2
Tiffanie,2
Rhett,1
Rocco,0
Allena,2
Lisette,0
Ferrell,1
Lem,0
Katlyn,2
Clydie,0
Joselin,0
Channie,0
Bula,2
Marjory,0
Paxton,2
Ezell,2
Alf,2
Gia,0
Clemente,0
Shavonne,2
Elgin,0
Phylicia,0
Kandace,0
Milissa,0
Newman,0
Eloisa,0
Cannon,2
Jaron,2
Evelyne,0
Levin,2
Denese,0
Bettylou,2
Verla,2
Corry,0
Lulu,2
Willodean,0
Jeanetta,2
Oddie,0
Rolf,1
Emit,0
Jamaal,0
Georgie,0
Caden,0
Tamisha,0
Alverda,2
Lashanda,2
Casandra,0
Taft,1
Kathlene,2
Elgie,0
Ernie,0
Veva,2
Eligah,0
Amey,0
Linzy,2
Rafaela,0
Thresa,2
Zita,2
Gerardo,0
Pamela,0
Jovanny,2
Lashunda,2
Jadiel,2
Alberta,2
Brianda,2
Isabella,0
Christal,0
Jesus,0
Elroy,0
Alanna,2
Debbi,2
Florrie,2
Litzy,2
Sterling,2
Anita,0
Lillian,2
Guthrie,0
Damion,0
Jeanie,0
Polk,2
Kristal,0
Sibyl,0
Tambra,2
Reta,2
Josefita,0
Samie,0
Tierra,2
Burns,2
Cristian,0
Traci,0
Britton,1
Boris,0
Brodie,2
Rodrick,0
Meredith,2
Nana,2
Almyra,0
Liston,2
Eartha,2
Grisel,0
Tavian,2
Delila,2
Georgine,0
Audy,0
Tommy,0
Marilyn,0
Cleta,0
Joycelyn,0
Bena,2
Lottie,2
Frederic,2
Vincent,2
Kyla,0
Arizona,0
Mina,0
Christina,0
Travis,2
Jiles,0
Amari,0
Elzada,2
Demetrios,0
Carina,0
Hebert,1
Candy,0
Anderson,0
Ardelia,0
Ilma,0
Ovila,0
Oneta,0
Lesly,0
Mechelle,0
Nohely,2
Agustin,0
Hazle,2
Emma,0
Sonja,0
Damari,0
Newt,2
Almon,0
Carolann,2
Hilario,0
Rhona,2
Early,0
Minda,0
Rayshawn,0
Rosco,0
Shiela,0
Blake,0
Aileen,0
Michel,0
Laura,0
Viola,0
Zeb,2
Kamden,0
Shannen,2
Birtha,1
Keanu,0
Lakeshia,0
Ermine,0
Ely,0
Elise,0
Mellisa,0
Theodosia,0
Meyer,0
Kristian,0
Makaila,0
Eugenio,0
Isam,0
Uriah,0
Marlana,0
Helaine,0
Staci,0
Loren,2
Anie,0
Ewing,0
Lillis,2
Marnie,0
Sigmund,0
Katelin,0
Dorsey,0
Quint,2
Callum,0
Venita,2
Tessie,0
Pam,0
Marita,0
Giovanna,0
Lexie,0
Kaci,0
Esmeralda,0
Jenniffer,2
Tyshawn,0
Lillard,1
Ailene,0
Jann,1
Kayden,0
Trula,2
Burleigh,2
Kelsie,0
Josephine,0
Chloie,0
Dylan,2
Dorinda,2
Rettie,2
Andres,0
Bama,0
Raphael,2
Vernia,2
Tarik,0
Shirlene,2
Adele,0
Alois,0
Sylvanus,2
Pamelia,0
Vergil,2
Hortensia,0
Izola,0
Arch,2
Kenan,0
Merwin,0
Mattye,0
Anfernee,2
Ab,2
Autry,0
Shirlie,0
Claudette,0
Naoma,0
Sharif,0
Thompson,2
Elmo,0
Zion,2
Megan,0
Verena,2
Elma,0
Mignon,0
Trinity,2
Harve,2
Kallie,0
Zaniyah,0
Crista,0
Armida,0
Myrle,0
Jason,0
Gwendolyn,0
Shelly,2
Delfina,2
Tyson,0
Tammie,0
Iyana,0
Godfrey,0
Fuller,1
Jaliyah,0
Aaliyah,0
Felice,0
Chancy,0
Annabelle,2
Adyson,0
Candice,0
Noemi,0
London,1
Rocio,0
Rianna,2
Jenifer,2
Council,0
Lisle,0
Kenyatta,0
Johney,2
Lindsey,0
Anona,0
Teagan,0
Jaelynn,2
Merton,2
Skyler,0
Elease,0
Burnell,1
Sing,0
Leighton,2
Victor,2
Robt,1
Bee,2
Butch,2
Marylou,0
Chet,2
Frona,2
Katie,0
Marco,0
Effa,0
Oda,0
Raelynn,2
Brigitte,2
Manilla,0
Najee,0
Patrice,0
Jailene,0
Tyreke,0
Lonie,0
Patsy,0
Dortha,1
Eliseo,0
Evie,0
Jacky,0
Shelia,0
Olevia,0
Mallory,0
Savanna,0
Racheal,0
Jesse,0
Theodora,2
Axel,0
Shanae,0
Conway,0
Lakesha,0
Don,2
Dillon,1
Verlin,1
Captain,0
Lucretia,0
Toshiko,0
Alondra,2
Harmon,2
Meg,0
Arvil,2
Hugo,0
Cecily,0
Talon,2
Rozanne,2
Yuridia,0
Suzie,0
Ralph,1
Doretta,2
Colleen,0
Evelina,0
Yolanda,0
Artis,0
Johnnie,2
Corwin,0
Welton,2
Bambi,0
Giovanni,0
Miesha,0
Loma,0
Alesia,0
Ewald,0
Warren,2
Brain,2
Eliot,0
Kamren,0
Emry,0
Veta,2
Nallely,2
Cicero,0
Jazmin,2
Margeret,0
Jaylen,2
Brycen,2
Iona,0
Julie,0
Debora,2
Chelsey,0
Tawana,0
Storm,0
Demetrius,0
Tamela,0
Vivian,2
Rome,0
Mame,0
Signa,0
Johan,2
Dorthey,2
Lurena,2
Noma,0
Kelly,0
Kyra,0
Volney,2
Elyssa,0
Elden,2
Agnes,0
Kayley,0
Karel,0
Leeroy,0
Caswell,0
Lavonia,0
Bertha,1
Gus,0
Christine,0
Jimmy,0
Daren,2
Bailee,0
Blanche,2
Madden,2
Ronda,2
Kordell,2
Essa,0
Toya,0
Margarette,0
Sharla,2
Garett,2
Alden,2
Ean,2
India,0
Emanuel,0
Martha,2
Shepherd,1
Aubree,0
Wayne,0
Dann,1
Erick,0
Garner,2
Donie,0
Valerie,0
Pinkey,0
Dani,2
Eboni,2
Job,2
Press,0
Skip,0
Jovani,2
Lolita,2
Charls,0
Elsie,0
Urijah,2
Jeramiah,0
Randolph,1
Lucas,0
Mortimer,0
Arnett,1
Flonnie,2
Sheri,0
Chestina,0
Palma,0
Charlize,2
Avis,0
Jarred,1
Ross,0
Sunny,0
Gavyn,0
Pearline,2
Torrence,2
Yareli,0
Zela,2
Julian,2
Mendy,0
Lida,2
Jesenia,0
Delano,2
Mya,0
Giada,0
Florida,2
Dionne,2
Brien,2
Milas,0
Sadie,0
Sharon,2
Joseluis,0
Terri,2
Monica,0
Felix,2
Fulton,1
Yehuda,0
Jacque,0
Shreya,0
Trudi,2
Jame,0
Abram,0
Wayman,0
Marcela,0
Adelle,2
Adline,2
Shanika,0
Sim,0
Eura,0
Florence,1
Sanders,0
Caryl,0
Kristi,0
Waldo,0
Stormy,0
Quintin,2
Clarke,0
Keara,0
Nathanael,2
Wiliam,0
Mattie,0
Octavio,0
Hartley,2
Hortencia,2
Judy,2
Brittanie,2
Dave,2
Cammie,0
Young,0
Delinda,2
Lavar,2
Jep,2
Kathleen,2
Rikki,0
Jaret,2
Alwine,0
Vina,2
Nella,2
Wanda,0
Ariana,0
General,0
Gayla,0
Isabelle,0
Alyse,0
Marybeth,0
Rowland,2
Kim,0
Nelle,2
Daxton,2
Lula,2
Chauncy,0
Velvet,1
Zettie,2
Gretta,2
Portia,2
Neal,2
Harper,1
Cielo,0
Jalisa,0
Carl,2
Parrish,0
Karma,0
Inell,2
Ona,0
Tobin,2
Adella,2
Darry,2
Alwin,0
Jeffry,1
Chelsea,0
Jerrica,0
Joshua,0
Kaelyn,0
Josiah,0
Chessie,0
Dori,2
Louella,0
Clemens,0
Agatha,0
Jetta,2
Caro,0
Henri,2
Shatara,0
Karson,0
Cayla,0
Moses,0
Beryl,2
Judyth,1
Doshia,0
Jovanni,2
Narcissus,0
Fumiko,0
Charmaine,0
Maci,0
Chasity,0
Galilea,0
Elbridge,1
Jethro,1
Devyn,2
Rosann,2
Effie,0
Edna,2
Taylor,2
Valinda,2
Benito,2
Roy,0
Coleen,0
Eliana,0
Pallie,2
Merlin,2
Nyasia,0
Jacki,0
Nevaeh,2
Latisha,0
Flavia,2
Lauretta,2
Jeane,0
Milan,0
Lee,2
Rodrigo,0
Williard,2
Malakai,0
Rylan,2
Krish,0
Blossom,0
Nikita,0
Oralia,0
Arleen,2
Margie,0
Malaya,0
Dennie,2
Wyman,0
Destinee,0
Xiomara,0
Kaye,0
Manson,0
Ottilie,0
Kaela,0
Netta,2
Lu,2
Aldo,2
Granville,2
Nicola,0
Janice,0
Melville,2
Ramon,0
Roel,2
Mont,2
Bridgett,1
Inga,0
Tyrique,0
Geovanni,0
Andrea,2
Arvin,2
Hayden,2
Charly,2
Sage,0
Aydan,0
Maxim,0
Dusty,0
Mammie,0
Tawanda,0
Miya,0
Lorine,2
Donaciano,0
Marisa,0
Jalyn,2
Ott,2
Marceline,0
Greene,0
Hudson,2
Ernestina,0
Alexandr,2
Terrill,1
Kimora,0
Lucia,0
Coralie,0
Audry,0
Jocelyn,0
Lemmie,0
Laylah,2
Shelbi,2
Ted,2
Malorie,0
Washington,0
Deshawn,0
Dawne,0
Sommer,0
Eunice,0
Lea,0
Jory,2
Sandi,0
Rubie,0
Glenna,2
Ollie,0
Tanesha,0
Lovina,2
Johnathon,1
Rocky,0
Garvin,2
Tavaris,0
Ayanna,0
Ila,2
Cleo,0
Lindell,1
Janette,2
Curtiss,0
Cassandra,0
Ines,0
Krystin,0
Anna,2
Adolfo,2
Leesa,0
Ashely,0
Les,0
Hildred,1
Johnna,1
Aric,0
Russel,0
Adalynn,2
Earlie,0
Shawn,0
Joshuah,0
Ginny,0
Monroe,0
Creola,0
Jaeda,0
Enrico,0
Muriel,0
Burdette,1
Zain,2
Monte,0
Maynard,0
Veronica,2
Rudolfo,0
Ola,0
Asher,0
Garry,0
Oline,0
Charlee,0
Emerson,0
Orrin,2
Elwood,0
Alayna,0
Tobi,2
Carlota,0
Horace,0
Ernesto,0
Edmon,0
Marolyn,0
Cena,0
Wylie,0
Verlon,1
Tahj,2
Elza,2
David,2
Fernand,1
Rondal,1
Santina,0
Travon,1
Alysa,0
Mollie,0
Yaakov,0
Alonza,2
Zaire,0
Norbert,1
Valarie,0
Terry,2
Iva,0
Cloyd,0
Trevon,1
Tameka,0
Yadira,0
Fisher,2
Simeon,0
